,Cars,Motorbikes,Buses,Trucks,Vans,Pedestrians & cyclists,,,,,,,,,,,,,,,,,,,,,,,,,,,,,,
3/11/2020,294869,506,19937,22675,49062,53723,,,,,,,,,,,,,,,,,,,,,,,,,,,,,,
3/12/2020,298931,476,19190,21816,47378,46753,,,,,,,,,,,,,,,,,,,,,,,,,,,,,,
3/13/2020,308105,567,20138,21551,46784,55337,,,,,,,,,,,,,,,,,,,,,,,,,,,,,,
3/14/2020,310406,487,17834,13936,30738,48150,,,,,,,,,,,,,,,,,,,,,,,,,,,,,,
3/15/2020,282430,447,14898,9937,23126,38965,,,,,,,,,,,,,,,,,,,,,,,,,,,,,,
3/16/2020,266086,482,18316,19819,43266,42650,,,,,,,,,,,,,,,,,,,,,,,,,,,,,,
3/17/2020,277047,583,20279,21584,47353,50357,,,,,,,,,,,,,,,,,,,,,,,,,,,,,,
3/18/2020,272854,647,20390,21977,46659,51158,,,,,,,,,,,,,,,,,,,,,,,,,,,,,,
3/19/2020,264352,493,20185,22718,45711,40545,,,,,,,,,,,,,,,,,,,,,,,,,,,,,,
3/20/2020,268680,608,19701,19507,43021,44436,,,,,,,,,,,,,,,,,,,,,,,,,,,,,,
3/21/2020,227957,586,16381,11673,24314,34981,,,,,,,,,,,,,,,,,,,,,,,,,,,,,,
3/22/2020,176954,447,12351,7952,14858,23608,,,,,,,,,,,,,,,,,,,,,,,,,,,,,,
3/23/2020,201846,483,15859,16446,34903,27792,,,,,,,,,,,,,,,,,,,,,,,,,,,,,,
3/24/2020,164672,517,15855,14757,29404,24859,,,,,,,,,,,,,,,,,,,,,,,,,,,,,,
3/25/2020,156209,491,15507,13880,27615,24506,,,,,,,,,,,,,,,,,,,,,,,,,,,,,,
3/26/2020,235662,717,15740,15639,36605,33772,,,,,,,,,,,,,,,,,,,,,,,,,,,,,,
3/27/2020,211031,807,17340,15063,32562,34295,,,,,,,,,,,,,,,,,,,,,,,,,,,,,,
3/28/2020,149724,650,16181,9982,18302,30116,,,,,,,,,,,,,,,,,,,,,,,,,,,,,,
3/29/2020,134309,547,13576,8382,13897,22222,,,,,,,,,,,,,,,,,,,,,,,,,,,,,,
3/30/2020,172925,577,16399,13509,28480,29858,,,,,,,,,,,,,,,,,,,,,,,,,,,,,,
3/31/2020,172088,710,15598,13102,28704,31197,,,,,,,,,,,,,,,,,,,,,,,,,,,,,,
4/1/2020,147062,612,15640,12159,26020,29806,,,,,,,,,,,,,,,,,,,,,,,,,,,,,,
4/2/2020,158517,691,15783,12273,26991,30314,,,,,,,,,,,,,,,,,,,,,,,,,,,,,,
4/3/2020,164806,718,15638,12340,27274,33538,,,,,,,,,,,,,,,,,,,,,,,,,,,,,,
4/4/2020,127764,616,12782,8185,14953,26545,,,,,,,,,,,,,,,,,,,,,,,,,,,,,,
4/5/2020,107035,498,11432,6473,9979,21082,,,,,,,,,,,,,,,,,,,,,,,,,,,,,,
4/6/2020,158981,645,14949,12510,26905,28098,,,,,,,,,,,,,,,,,,,,,,,,,,,,,,
4/7/2020,150259,567,13626,11999,25673,26337,,,,,,,,,,,,,,,,,,,,,,,,,,,,,,
4/8/2020,160243,707,14605,12859,27562,31691,,,,,,,,,,,,,,,,,,,,,,,,,,,,,,
4/9/2020,164004,625,13687,12597,27241,28218,,,,,,,,,,,,,,,,,,,,,,,,,,,,,,
4/10/2020,131490,627,12109,8353,16226,26001,,,,,,,,,,,,,,,,,,,,,,,,,,,,,,
4/11/2020,129562,688,12856,7802,14199,28884,,,,,,,,,,,,,,,,,,,,,,,,,,,,,,
4/12/2020,107159,652,12295,5654,9329,24349,,,,,,,,,,,,,,,,,,,,,,,,,,,,,,
4/13/2020,118977,521,12522,7650,13123,23097,,,,,,,,,,,,,,,,,,,,,,,,,,,,,,
4/14/2020,157545,518,13440,12100,26583,25429,,,,,,,,,,,,,,,,,,,,,,,,,,,,,,
4/15/2020,152963,553,12963,12128,26303,25279,,,,,,,,,,,,,,,,,,,,,,,,,,,,,,
4/16/2020,160687,782,13960,12493,28013,30129,,,,,,,,,,,,,,,,,,,,,,,,,,,,,,
4/17/2020,173258,756,14223,12754,28878,29422,,,,,,,,,,,,,,,,,,,,,,,,,,,,,,
4/18/2020,139908,777,13894,8313,17236,34272,,,,,,,,,,,,,,,,,,,,,,,,,,,,,,
4/19/2020,117066,538,11223,6659,10388,23259,,,,,,,,,,,,,,,,,,,,,,,,,,,,,,
4/20/2020,159757,540,12560,12111,26194,23989,,,,,,,,,,,,,,,,,,,,,,,,,,,,,,
4/21/2020,162247,557,12387,12344,27022,24589,,,,,,,,,,,,,,,,,,,,,,,,,,,,,,
4/22/2020,164780,573,12663,12525,27053,24691,,,,,,,,,,,,,,,,,,,,,,,,,,,,,,
4/23/2020,170569,699,12992,12594,27930,27035,,,,,,,,,,,,,,,,,,,,,,,,,,,,,,
4/24/2020,180673,702,13111,12793,29024,29199,,,,,,,,,,,,,,,,,,,,,,,,,,,,,,
4/25/2020,147462,675,12364,8385,17027,28914,,,,,,,,,,,,,,,,,,,,,,,,,,,,,,
4/26/2020,126399,582,11219,6482,11126,26133,,,,,,,,,,,,,,,,,,,,,,,,,,,,,,
4/27/2020,177835,741,14362,13223,31266,33849,,,,,,,,,,,,,,,,,,,,,,,,,,,,,,
4/28/2020,154482,362,13721,14037,28318,15662,,,,,,,,,,,,,,,,,,,,,,,,,,,,,,
4/29/2020,177688,613,14105,13614,31609,28614,,,,,,,,,,,,,,,,,,,,,,,,,,,,,,
4/30/2020,179466,539,13951,13747,31757,23832,,,,,,,,,,,,,,,,,,,,,,,,,,,,,,
5/1/2020,201139,711,14009,13472,31957,30368,,,,,,,,,,,,,,,,,,,,,,,,,,,,,,
5/2/2020,169267,763,12692,8258,18197,35390,,,,,,,,,,,,,,,,,,,,,,,,,,,,,,
5/3/2020,138644,772,12981,6539,13356,33295,,,,,,,,,,,,,,,,,,,,,,,,,,,,,,
5/4/2020,189969,647,13711,13627,31682,31753,,,,,,,,,,,,,,,,,,,,,,,,,,,,,,
5/5/2020,184069,595,13225,13960,31629,27101,,,,,,,,,,,,,,,,,,,,,,,,,,,,,,
5/6/2020,179915,560,12926,13576,30406,26505,,,,,,,,,,,,,,,,,,,,,,,,,,,,,,
5/7/2020,198363,685,13415,14263,32703,31145,,,,,,,,,,,,,,,,,,,,,,,,,,,,,,
5/8/2020,169550,815,11942,8972,19344,33347,,,,,,,,,,,,,,,,,,,,,,,,,,,,,,
5/9/2020,166356,772,11826,8102,17255,32064,,,,,,,,,,,,,,,,,,,,,,,,,,,,,,
5/10/2020,148611,703,12676,6916,14116,28462,,,,,,,,,,,,,,,,,,,,,,,,,,,,,,
5/11/2020,204002,697,14362,14587,35104,31441,,,,,,,,,,,,,,,,,,,,,,,,,,,,,,
5/12/2020,198973,713,13703,14599,34290,33292,,,,,,,,,,,,,,,,,,,,,,,,,,,,,,
5/13/2020,212058,736,14652,15440,37651,35270,,,,,,,,,,,,,,,,,,,,,,,,,,,,,,
5/14/2020,204810,652,13636,14929,34966,31226,,,,,,,,,,,,,,,,,,,,,,,,,,,,,,
5/15/2020,219096,801,13149,14711,34615,33203,,,,,,,,,,,,,,,,,,,,,,,,,,,,,,
5/16/2020,205809,921,13510,9078,22781,41456,,,,,,,,,,,,,,,,,,,,,,,,,,,,,,
5/17/2020,182441,769,11910,7099,15726,35556,,,,,,,,,,,,,,,,,,,,,,,,,,,,,,
5/18/2020,203942,685,13487,14595,34750,30645,,,,,,,,,,,,,,,,,,,,,,,,,,,,,,
5/19/2020,207368,684,13181,15081,35408,28467,,,,,,,,,,,,,,,,,,,,,,,,,,,,,,
5/20/2020,210263,640,13230,15131,34968,27282,,,,,,,,,,,,,,,,,,,,,,,,,,,,,,
5/21/2020,220342,764,13859,15889,37076,30353,,,,,,,,,,,,,,,,,,,,,,,,,,,,,,
5/22/2020,247593,855,14655,16290,39300,35852,,,,,,,,,,,,,,,,,,,,,,,,,,,,,,
5/23/2020,226919,749,13555,9891,23968,33342,,,,,,,,,,,,,,,,,,,,,,,,,,,,,,
5/24/2020,212595,723,12861,7278,16353,34667,,,,,,,,,,,,,,,,,,,,,,,,,,,,,,
5/25/2020,203969,644,11809,8708,19320,30935,,,,,,,,,,,,,,,,,,,,,,,,,,,,,,
5/26/2020,231896,781,14608,16431,39206,32916,,,,,,,,,,,,,,,,,,,,,,,,,,,,,,
5/27/2020,238102,857,15608,17033,40902,36355,,,,,,,,,,,,,,,,,,,,,,,,,,,,,,
5/28/2020,230848,683,14075,17175,39136,29622,,,,,,,,,,,,,,,,,,,,,,,,,,,,,,
5/29/2020,237980,675,13774,16626,37785,29207,,,,,,,,,,,,,,,,,,,,,,,,,,,,,,
5/30/2020,229351,648,12600,10331,23582,31155,,,,,,,,,,,,,,,,,,,,,,,,,,,,,,
5/31/2020,203321,630,10967,7677,16386,26441,,,,,,,,,,,,,,,,,,,,,,,,,,,,,,
6/1/2020,225736,650,14413,16734,38280,29066,,,,,,,,,,,,,,,,,,,,,,,,,,,,,,
6/2/2020,231721,714,14799,16757,39593,31650,,,,,,,,,,,,,,,,,,,,,,,,,,,,,,
6/3/2020,244830,820,16766,18508,45103,39665,,,,,,,,,,,,,,,,,,,,,,,,,,,,,,
6/4/2020,247347,884,16986,18416,45511,41410,,,,,,,,,,,,,,,,,,,,,,,,,,,,,,
6/5/2020,269561,845,16252,18367,44842,38252,,,,,,,,,,,,,,,,,,,,,,,,,,,,,,
6/6/2020,240239,636,14458,10809,27118,33497,,,,,,,,,,,,,,,,,,,,,,,,,,,,,,
6/7/2020,222113,700,12609,7774,18809,37343,,,,,,,,,,,,,,,,,,,,,,,,,,,,,,
6/8/2020,237301,804,16648,17708,42132,42093,,,,,,,,,,,,,,,,,,,,,,,,,,,,,,
6/9/2020,244582,867,16521,17873,42296,41985,,,,,,,,,,,,,,,,,,,,,,,,,,,,,,
6/10/2020,233619,610,17074,18720,44003,31812,,,,,,,,,,,,,,,,,,,,,,,,,,,,,,
6/11/2020,240811,757,16623,18104,42454,37555,,,,,,,,,,,,,,,,,,,,,,,,,,,,,,
6/12/2020,261904,879,16778,18440,43326,40176,,,,,,,,,,,,,,,,,,,,,,,,,,,,,,
6/13/2020,270672,722,14365,11010,26663,39010,,,,,,,,,,,,,,,,,,,,,,,,,,,,,,
6/14/2020,237761,684,11656,7965,18390,33409,,,,,,,,,,,,,,,,,,,,,,,,,,,,,,
6/15/2020,244621,732,16383,17594,41006,38681,,,,,,,,,,,,,,,,,,,,,,,,,,,,,,
6/16/2020,248546,680,16146,18340,42107,36104,,,,,,,,,,,,,,,,,,,,,,,,,,,,,,
6/17/2020,247582,663,17299,19370,44733,37969,,,,,,,,,,,,,,,,,,,,,,,,,,,,,,
6/18/2020,241123,548,16123,18538,40748,29361,,,,,,,,,,,,,,,,,,,,,,,,,,,,,,
6/19/2020,286320,850,17469,19223,46044,45965,,,,,,,,,,,,,,,,,,,,,,,,,,,,,,
6/20/2020,287981,648,14889,11239,28084,43500,,,,,,,,,,,,,,,,,,,,,,,,,,,,,,
6/21/2020,254875,709,12936,8355,19945,34818,,,,,,,,,,,,,,,,,,,,,,,,,,,,,,
6/22/2020,239672,605,15655,18060,39587,32759,,,,,,,,,,,,,,,,,,,,,,,,,,,,,,
6/23/2020,249093,693,15953,18565,40897,34014,,,,,,,,,,,,,,,,,,,,,,,,,,,,,,
6/24/2020,255362,647,16377,19275,42431,32493,,,,,,,,,,,,,,,,,,,,,,,,,,,,,,
6/25/2020,254508,638,15475,18544,40685,29903,,,,,,,,,,,,,,,,,,,,,,,,,,,,,,
6/26/2020,289294,711,16928,19782,44111,34453,,,,,,,,,,,,,,,,,,,,,,,,,,,,,,
6/27/2020,283933,727,15914,12192,29399,38506,,,,,,,,,,,,,,,,,,,,,,,,,,,,,,
6/28/2020,261858,675,12548,8573,20957,34264,,,,,,,,,,,,,,,,,,,,,,,,,,,,,,
6/29/2020,258607,797,18255,19526,45527,42843,,,,,,,,,,,,,,,,,,,,,,,,,,,,,,
6/30/2020,240590,720,17095,18621,43336,39468,,,,,,,,,,,,,,,,,,,,,,,,,,,,,,
7/1/2020,266657,723,18155,20327,46493,40818,,,,,,,,,,,,,,,,,,,,,,,,,,,,,,
7/2/2020,272952,639,18563,20561,47468,37149,,,,,,,,,,,,,,,,,,,,,,,,,,,,,,
7/3/2020,295401,686,18248,20589,48695,42795,,,,,,,,,,,,,,,,,,,,,,,,,,,,,,
7/4/2020,284850,695,16466,12807,32023,48449,,,,,,,,,,,,,,,,,,,,,,,,,,,,,,
7/5/2020,274314,699,12839,8944,20692,35741,,,,,,,,,,,,,,,,,,,,,,,,,,,,,,
7/6/2020,258551,723,17864,19446,44370,43289,,,,,,,,,,,,,,,,,,,,,,,,,,,,,,
7/7/2020,246577,666,17627,19353,43550,40520,,,,,,,,,,,,,,,,,,,,,,,,,,,,,,
7/8/2020,247778,514,18285,20671,45414,35649,,,,,,,,,,,,,,,,,,,,,,,,,,,,,,
7/9/2020,254841,574,17943,20932,46635,39328,,,,,,,,,,,,,,,,,,,,,,,,,,,,,,
7/10/2020,297400,752,18637,20357,47230,47499,,,,,,,,,,,,,,,,,,,,,,,,,,,,,,
7/11/2020,298279,680,16363,12412,29350,44204,,,,,,,,,,,,,,,,,,,,,,,,,,,,,,
7/12/2020,261261,591,12617,8651,19739,34831,,,,,,,,,,,,,,,,,,,,,,,,,,,,,,
7/13/2020,235229,677,16785,17115,38232,37282,,,,,,,,,,,,,,,,,,,,,,,,,,,,,,
7/14/2020,211827,584,15757,17541,38943,33422,,,,,,,,,,,,,,,,,,,,,,,,,,,,,,
7/15/2020,250116,791,17341,16644,41516,41732,,,,,,,,,,,,,,,,,,,,,,,,,,,,,,
7/16/2020,276277,727,19029,20285,46986,47112,,,,,,,,,,,,,,,,,,,,,,,,,,,,,,
7/17/2020,286673,674,17165,19172,41800,37485,,,,,,,,,,,,,,,,,,,,,,,,,,,,,,
7/18/2020,296500,661,16356,12227,29048,40658,,,,,,,,,,,,,,,,,,,,,,,,,,,,,,
7/19/2020,258311,698,14009,9078,22124,38579,,,,,,,,,,,,,,,,,,,,,,,,,,,,,,
7/20/2020,249309,572,17270,18776,40505,34622,,,,,,,,,,,,,,,,,,,,,,,,,,,,,,
7/21/2020,253992,643,17435,19060,41911,37261,,,,,,,,,,,,,,,,,,,,,,,,,,,,,,
7/22/2020,265673,701,18004,19651,44617,38891,,,,,,,,,,,,,,,,,,,,,,,,,,,,,,
7/23/2020,272811,769,18435,20301,46070,42941,,,,,,,,,,,,,,,,,,,,,,,,,,,,,,
7/24/2020,295130,813,19193,20222,46819,46760,,,,,,,,,,,,,,,,,,,,,,,,,,,,,,
7/25/2020,280412,587,16867,12875,30564,35302,,,,,,,,,,,,,,,,,,,,,,,,,,,,,,
7/26/2020,271776,609,13770,8827,21295,37278,,,,,,,,,,,,,,,,,,,,,,,,,,,,,,
7/27/2020,254508,621,19425,20005,43946,40141,,,,,,,,,,,,,,,,,,,,,,,,,,,,,,
7/28/2020,264539,698,18606,19888,44573,43119,,,,,,,,,,,,,,,,,,,,,,,,,,,,,,
7/29/2020,260437,598,17324,19156,42719,37963,,,,,,,,,,,,,,,,,,,,,,,,,,,,,,
7/30/2020,254626,562,16571,19139,40238,31160,,,,,,,,,,,,,,,,,,,,,,,,,,,,,,
7/31/2020,306622,683,18534,19824,43538,38707,,,,,,,,,,,,,,,,,,,,,,,,,,,,,,
8/1/2020,317926,748,17526,13337,30450,43892,,,,,,,,,,,,,,,,,,,,,,,,,,,,,,
8/2/2020,272488,661,13125,8972,21038,34523,,,,,,,,,,,,,,,,,,,,,,,,,,,,,,
8/3/2020,255885,673,17860,18478,41116,38383,,,,,,,,,,,,,,,,,,,,,,,,,,,,,,
8/4/2020,249686,665,17305,19118,42310,38124,,,,,,,,,,,,,,,,,,,,,,,,,,,,,,
8/5/2020,262722,681,18275,19960,43359,40061,,,,,,,,,,,,,,,,,,,,,,,,,,,,,,
8/6/2020,263608,725,18430,20304,44225,39842,,,,,,,,,,,,,,,,,,,,,,,,,,,,,,
8/7/2020,274273,661,17840,19075,41189,34379,,,,,,,,,,,,,,,,,,,,,,,,,,,,,,
8/8/2020,288694,729,16582,12219,28279,40468,,,,,,,,,,,,,,,,,,,,,,,,,,,,,,
8/9/2020,265277,663,12810,8994,19898,32353,,,,,,,,,,,,,,,,,,,,,,,,,,,,,,
8/10/2020,250602,641,17365,18832,39972,34606,,,,,,,,,,,,,,,,,,,,,,,,,,,,,,
8/11/2020,254303,643,17789,19436,41351,36182,,,,,,,,,,,,,,,,,,,,,,,,,,,,,,
8/12/2020,261038,716,17783,19341,42291,37520,,,,,,,,,,,,,,,,,,,,,,,,,,,,,,
8/13/2020,265679,680,18489,19839,43074,36144,,,,,,,,,,,,,,,,,,,,,,,,,,,,,,
8/14/2020,278354,721,19127,20864,46281,40491,,,,,,,,,,,,,,,,,,,,,,,,,,,,,,
8/15/2020,268689,569,16167,12769,29919,37165,,,,,,,,,,,,,,,,,,,,,,,,,,,,,,
8/16/2020,253859,653,13293,9088,21173,34774,,,,,,,,,,,,,,,,,,,,,,,,,,,,,,
8/17/2020,255733,629,18340,19129,41642,37533,,,,,,,,,,,,,,,,,,,,,,,,,,,,,,
8/18/2020,264755,619,18323,19599,42984,42431,,,,,,,,,,,,,,,,,,,,,,,,,,,,,,
8/19/2020,247952,510,18740,21198,43812,28828,,,,,,,,,,,,,,,,,,,,,,,,,,,,,,
8/20/2020,267166,560,17605,19642,42468,36571,,,,,,,,,,,,,,,,,,,,,,,,,,,,,,
8/21/2020,298859,670,19403,20676,45405,44023,,,,,,,,,,,,,,,,,,,,,,,,,,,,,,
8/22/2020,297777,599,16150,12697,28588,40431,,,,,,,,,,,,,,,,,,,,,,,,,,,,,,
8/23/2020,276605,653,13250,9216,21398,37774,,,,,,,,,,,,,,,,,,,,,,,,,,,,,,
8/24/2020,257894,573,18979,19492,42264,40822,,,,,,,,,,,,,,,,,,,,,,,,,,,,,,
8/25/2020,255822,491,17784,20546,42529,35955,,,,,,,,,,,,,,,,,,,,,,,,,,,,,,
8/26/2020,280417,616,18642,20878,45209,46533,,,,,,,,,,,,,,,,,,,,,,,,,,,,,,
8/27/2020,254464,461,17943,19623,41102,32354,,,,,,,,,,,,,,,,,,,,,,,,,,,,,,
8/28/2020,287631,530,18757,21186,45373,39708,,,,,,,,,,,,,,,,,,,,,,,,,,,,,,
8/29/2020,291758,626,16903,13412,31064,43365,,,,,,,,,,,,,,,,,,,,,,,,,,,,,,
8/30/2020,284751,595,13607,9348,22567,42923,,,,,,,,,,,,,,,,,,,,,,,,,,,,,,
8/31/2020,274214,630,13665,10937,25048,47110,,,,,,,,,,,,,,,,,,,,,,,,,,,,,,
9/1/2020,266242,565,18265,20337,42843,41379,,,,,,,,,,,,,,,,,,,,,,,,,,,,,,
9/2/2020,264642,533,18935,21284,46237,40875,,,,,,,,,,,,,,,,,,,,,,,,,,,,,,
9/3/2020,267486,583,19198,22147,47351,44857,,,,,,,,,,,,,,,,,,,,,,,,,,,,,,
9/4/2020,293547,644,19690,22356,47930,49283,,,,,,,,,,,,,,,,,,,,,,,,,,,,,,
9/5/2020,301261,576,16421,13727,30673,44520,,,,,,,,,,,,,,,,,,,,,,,,,,,,,,
9/6/2020,276249,568,12922,9117,21438,38266,,,,,,,,,,,,,,,,,,,,,,,,,,,,,,
9/7/2020,266182,628,19081,20987,44933,50006,,,,,,,,,,,,,,,,,,,,,,,,,,,,,,
9/8/2020,270178,715,19026,21823,46555,50340,,,,,,,,,,,,,,,,,,,,,,,,,,,,,,
9/9/2020,277466,718,19422,22558,47383,50561,,,,,,,,,,,,,,,,,,,,,,,,,,,,,,
9/10/2020,279960,582,18579,21271,45633,44026,,,,,,,,,,,,,,,,,,,,,,,,,,,,,,
9/11/2020,308715,629,19345,22227,48099,49665,,,,,,,,,,,,,,,,,,,,,,,,,,,,,,
9/12/2020,310801,570,16491,13759,30859,44520,,,,,,,,,,,,,,,,,,,,,,,,,,,,,,
9/13/2020,282583,558,12388,9490,21005,33495,,,,,,,,,,,,,,,,,,,,,,,,,,,,,,
9/14/2020,261429,548,17478,19739,40742,37492,,,,,,,,,,,,,,,,,,,,,,,,,,,,,,
9/15/2020,264648,606,18109,21143,43472,42446,,,,,,,,,,,,,,,,,,,,,,,,,,,,,,
9/16/2020,275263,661,19110,22346,46176,45560,,,,,,,,,,,,,,,,,,,,,,,,,,,,,,
9/17/2020,275215,514,17921,21832,45391,41696,,,,,,,,,,,,,,,,,,,,,,,,,,,,,,
9/18/2020,289929,555,17940,21483,43782,42301,,,,,,,,,,,,,,,,,,,,,,,,,,,,,,
9/19/2020,300204,579,15631,13390,29824,41748,,,,,,,,,,,,,,,,,,,,,,,,,,,,,,
9/20/2020,273857,508,12272,9476,20936,35447,,,,,,,,,,,,,,,,,,,,,,,,,,,,,,
9/21/2020,255556,595,17728,20575,41790,42634,,,,,,,,,,,,,,,,,,,,,,,,,,,,,,
9/22/2020,261596,559,17451,21359,43485,42845,,,,,,,,,,,,,,,,,,,,,,,,,,,,,,
9/23/2020,263751,498,19195,23015,46915,41316,,,,,,,,,,,,,,,,,,,,,,,,,,,,,,
9/24/2020,258692,510,17496,21502,45099,39735,,,,,,,,,,,,,,,,,,,,,,,,,,,,,,
9/25/2020,290238,574,18481,22519,45356,42495,,,,,,,,,,,,,,,,,,,,,,,,,,,,,,
9/26/2020,302738,562,16775,14198,32513,46008,,,,,,,,,,,,,,,,,,,,,,,,,,,,,,
9/27/2020,266603,628,13721,9627,23322,44079,,,,,,,,,,,,,,,,,,,,,,,,,,,,,,
9/28/2020,252502,574,17453,19589,40028,43963,,,,,,,,,,,,,,,,,,,,,,,,,,,,,,
9/29/2020,253349,519,18138,21964,43489,42771,,,,,,,,,,,,,,,,,,,,,,,,,,,,,,
9/30/2020,243327,414,17785,22454,44293,38285,,,,,,,,,,,,,,,,,,,,,,,,,,,,,,
10/1/2020,266527,581,18532,22533,46098,46598,,,,,,,,,,,,,,,,,,,,,,,,,,,,,,
10/2/2020,229314,247,16724,23711,40853,21271,,,,,,,,,,,,,,,,,,,,,,,,,,,,,,
10/3/2020,262459,381,15578,13597,29988,35046,,,,,,,,,,,,,,,,,,,,,,,,,,,,,,
10/4/2020,218196,223,11846,10225,21229,17986,,,,,,,,,,,,,,,,,,,,,,,,,,,,,,
10/5/2020,248822,508,17886,20664,41382,40664,,,,,,,,,,,,,,,,,,,,,,,,,,,,,,
10/6/2020,258710,566,17995,21436,44063,43557,,,,,,,,,,,,,,,,,,,,,,,,,,,,,,
10/7/2020,256065,473,17787,21720,44252,44534,,,,,,,,,,,,,,,,,,,,,,,,,,,,,,
10/8/2020,255274,481,17970,22259,44351,41668,,,,,,,,,,,,,,,,,,,,,,,,,,,,,,
10/9/2020,278871,551,18367,22141,45356,43978,,,,,,,,,,,,,,,,,,,,,,,,,,,,,,
10/10/2020,300085,546,17240,13879,31741,50278,,,,,,,,,,,,,,,,,,,,,,,,,,,,,,
10/11/2020,271611,587,13384,9420,21123,42645,,,,,,,,,,,,,,,,,,,,,,,,,,,,,,
10/12/2020,205975,429,15534,17453,34911,31651,,,,,,,,,,,,,,,,,,,,,,,,,,,,,,
10/13/2020,233214,371,18025,21908,42912,33401,,,,,,,,,,,,,,,,,,,,,,,,,,,,,,
10/14/2020,254341,500,17888,21496,43257,41919,,,,,,,,,,,,,,,,,,,,,,,,,,,,,,
10/15/2020,247459,457,17106,20786,42447,39745,,,,,,,,,,,,,,,,,,,,,,,,,,,,,,
10/16/2020,243144,506,16010,19136,39552,42665,,,,,,,,,,,,,,,,,,,,,,,,,,,,,,
10/17/2020,246470,558,14988,12683,28187,44190,,,,,,,,,,,,,,,,,,,,,,,,,,,,,,
10/18/2020,228519,546,12527,8965,20529,39920,,,,,,,,,,,,,,,,,,,,,,,,,,,,,,
10/19/2020,212866,488,14787,16204,32577,37340,,,,,,,,,,,,,,,,,,,,,,,,,,,,,,
10/20/2020,211618,454,15197,18257,35979,37189,,,,,,,,,,,,,,,,,,,,,,,,,,,,,,
10/21/2020,201457,290,15563,18912,34903,25111,,,,,,,,,,,,,,,,,,,,,,,,,,,,,,
10/22/2020,219566,467,14905,18262,36614,36869,,,,,,,,,,,,,,,,,,,,,,,,,,,,,,
10/23/2020,231088,524,15778,18718,38053,39386,,,,,,,,,,,,,,,,,,,,,,,,,,,,,,
10/24/2020,225240,366,13959,13098,27404,33636,,,,,,,,,,,,,,,,,,,,,,,,,,,,,,
10/25/2020,223848,416,11554,8900,19117,30606,,,,,,,,,,,,,,,,,,,,,,,,,,,,,,
10/26/2020,213700,431,14945,16187,32614,35411,,,,,,,,,,,,,,,,,,,,,,,,,,,,,,
10/27/2020,201262,394,15126,18261,34226,27377,,,,,,,,,,,,,,,,,,,,,,,,,,,,,,
10/28/2020,211328,397,15309,18057,35429,32554,,,,,,,,,,,,,,,,,,,,,,,,,,,,,,
10/29/2020,211925,367,15692,18691,36011,28325,,,,,,,,,,,,,,,,,,,,,,,,,,,,,,
10/30/2020,231196,435,16155,19552,38730,37648,,,,,,,,,,,,,,,,,,,,,,,,,,,,,,
10/31/2020,241760,408,14319,13379,27246,31610,,,,,,,,,,,,,,,,,,,,,,,,,,,,,,
11/1/2020,238267,453,11770,9738,21112,33006,,,,,,,,,,,,,,,,,,,,,,,,,,,,,,
11/2/2020,229886,435,14896,17205,34649,35486,,,,,,,,,,,,,,,,,,,,,,,,,,,,,,
11/3/2020,235742,404,15443,18797,37320,37225,,,,,,,,,,,,,,,,,,,,,,,,,,,,,,
11/4/2020,245723,366,15202,19544,38167,36837,,,,,,,,,,,,,,,,,,,,,,,,,,,,,,
11/5/2020,189362,513,14012,17828,33961,32602,,,,,,,,,,,,,,,,,,,,,,,,,,,,,,
11/6/2020,196899,571,14732,17358,34960,35893,,,,,,,,,,,,,,,,,,,,,,,,,,,,,,
11/7/2020,187234,511,13128,11807,23031,33290,,,,,,,,,,,,,,,,,,,,,,,,,,,,,,
11/8/2020,160708,492,10701,8029,15509,29668,,,,,,,,,,,,,,,,,,,,,,,,,,,,,,
11/9/2020,181981,372,14529,15251,29367,28645,,,,,,,,,,,,,,,,,,,,,,,,,,,,,,
11/10/2020,191641,457,14953,16570,32927,32827,,,,,,,,,,,,,,,,,,,,,,,,,,,,,,
11/11/2020,200723,511,16207,18492,36906,36903,,,,,,,,,,,,,,,,,,,,,,,,,,,,,,
11/12/2020,196470,475,14849,17170,33757,32514,,,,,,,,,,,,,,,,,,,,,,,,,,,,,,
11/13/2020,207451,559,15027,16999,33179,34909,,,,,,,,,,,,,,,,,,,,,,,,,,,,,,
11/14/2020,183619,337,13735,12202,22652,22985,,,,,,,,,,,,,,,,,,,,,,,,,,,,,,
11/15/2020,172200,379,10732,8169,15405,23687,,,,,,,,,,,,,,,,,,,,,,,,,,,,,,
11/16/2020,186412,425,15215,16005,31271,32351,,,,,,,,,,,,,,,,,,,,,,,,,,,,,,
11/17/2020,193980,446,15749,17189,34011,35908,,,,,,,,,,,,,,,,,,,,,,,,,,,,,,
11/18/2020,192228,468,14837,17309,33635,32161,,,,,,,,,,,,,,,,,,,,,,,,,,,,,,
11/19/2020,190526,473,14996,17132,32840,28640,,,,,,,,,,,,,,,,,,,,,,,,,,,,,,
11/20/2020,194471,369,15113,17443,32839,27046,,,,,,,,,,,,,,,,,,,,,,,,,,,,,,
11/21/2020,208217,568,14657,11735,24642,38443,,,,,,,,,,,,,,,,,,,,,,,,,,,,,,
11/22/2020,188167,436,11155,8249,16561,30834,,,,,,,,,,,,,,,,,,,,,,,,,,,,,,
11/23/2020,193529,472,15169,16361,31706,35430,,,,,,,,,,,,,,,,,,,,,,,,,,,,,,
11/24/2020,218064,565,17259,18593,37102,40783,,,,,,,,,,,,,,,,,,,,,,,,,,,,,,
11/25/2020,229942,561,19051,21124,40341,41801,,,,,,,,,,,,,,,,,,,,,,,,,,,,,,
11/26/2020,237841,592,18780,21017,40782,44173,,,,,,,,,,,,,,,,,,,,,,,,,,,,,,
11/27/2020,231772,599,16894,20490,38930,41716,,,,,,,,,,,,,,,,,,,,,,,,,,,,,,
11/28/2020,235073,627,16035,13419,27271,43829,,,,,,,,,,,,,,,,,,,,,,,,,,,,,,
11/29/2020,205381,624,12679,9443,19030,39216,,,,,,,,,,,,,,,,,,,,,,,,,,,,,,
11/30/2020,218365,559,18201,20805,38589,40411,,,,,,,,,,,,,,,,,,,,,,,,,,,,,,
12/1/2020,230969,557,17460,20353,39755,38852,,,,,,,,,,,,,,,,,,,,,,,,,,,,,,
12/2/2020,248258,510,18611,22643,42860,43073,,,,,,,,,,,,,,,,,,,,,,,,,,,,,,
12/3/2020,227684,245,17731,22596,37633,21765,,,,,,,,,,,,,,,,,,,,,,,,,,,,,,
12/4/2020,246802,418,17233,21102,39259,37218,,,,,,,,,,,,,,,,,,,,,,,,,,,,,,
12/5/2020,274443,490,14748,13206,28204,39920,,,,,,,,,,,,,,,,,,,,,,,,,,,,,,
12/6/2020,245019,427,12150,9875,20674,32911,,,,,,,,,,,,,,,,,,,,,,,,,,,,,,
12/7/2020,208190,415,15108,19089,35640,36713,,,,,,,,,,,,,,,,,,,,,,,,,,,,,,
12/8/2020,216174,404,15729,19251,36622,34746,,,,,,,,,,,,,,,,,,,,,,,,,,,,,,
12/9/2020,229952,433,17052,20536,39323,38283,,,,,,,,,,,,,,,,,,,,,,,,,,,,,,
12/10/2020,240774,440,17679,21093,40589,42135,,,,,,,,,,,,,,,,,,,,,,,,,,,,,,
12/11/2020,250192,418,17637,20932,39494,35020,,,,,,,,,,,,,,,,,,,,,,,,,,,,,,
12/12/2020,268127,483,15518,13526,29026,43023,,,,,,,,,,,,,,,,,,,,,,,,,,,,,,
12/13/2020,220935,328,11373,9757,19484,21731,,,,,,,,,,,,,,,,,,,,,,,,,,,,,,
12/14/2020,207441,278,15314,17943,31249,23035,,,,,,,,,,,,,,,,,,,,,,,,,,,,,,
12/15/2020,243276,370,16509,19661,37093,33669,,,,,,,,,,,,,,,,,,,,,,,,,,,,,,
12/16/2020,225271,398,16825,20073,37790,29836,,,,,,,,,,,,,,,,,,,,,,,,,,,,,,
12/17/2020,231473,444,16185,19134,37328,33103,,,,,,,,,,,,,,,,,,,,,,,,,,,,,,
12/18/2020,237619,503,16952,21086,37286,30730,,,,,,,,,,,,,,,,,,,,,,,,,,,,,,
12/19/2020,235324,300,14255,12769,24380,24015,,,,,,,,,,,,,,,,,,,,,,,,,,,,,,
12/20/2020,198677,427,11323,8613,16765,26307,,,,,,,,,,,,,,,,,,,,,,,,,,,,,,
12/21/2020,185803,359,15193,16508,28539,22439,,,,,,,,,,,,,,,,,,,,,,,,,,,,,,
12/22/2020,205873,445,17449,17181,32651,30655,,,,,,,,,,,,,,,,,,,,,,,,,,,,,,
12/23/2020,219100,390,17000,16016,30192,25868,,,,,,,,,,,,,,,,,,,,,,,,,,,,,,
12/24/2020,232140,398,15075,11356,24697,32021,,,,,,,,,,,,,,,,,,,,,,,,,,,,,,
12/25/2020,179606,248,1949,3046,10305,17801,,,,,,,,,,,,,,,,,,,,,,,,,,,,,,
12/26/2020,162347,459,11043,6370,13220,24831,,,,,,,,,,,,,,,,,,,,,,,,,,,,,,
12/27/2020,170270,335,11070,7592,13251,23308,,,,,,,,,,,,,,,,,,,,,,,,,,,,,,
12/28/2020,169820,493,12193,8684,16229,28436,,,,,,,,,,,,,,,,,,,,,,,,,,,,,,
12/29/2020,187660,570,15667,12158,24717,34231,,,,,,,,,,,,,,,,,,,,,,,,,,,,,,
12/30/2020,201864,492,15349,12418,25187,34361,,,,,,,,,,,,,,,,,,,,,,,,,,,,,,
12/31/2020,208201,518,16008,11734,24958,34040,,,,,,,,,,,,,,,,,,,,,,,,,,,,,,
1/1/2021,176754,415,12822,8644,16723,24097,,,,,,,,,,,,,,,,,,,,,,,,,,,,,,
1/2/2021,175026,423,13792,9323,16878,27733,,,,,,,,,,,,,,,,,,,,,,,,,,,,,,
1/3/2021,179209,364,12113,8164,15432,24760,,,,,,,,,,,,,,,,,,,,,,,,,,,,,,
1/4/2021,176196,381,15283,13011,25093,24043,,,,,,,,,,,,,,,,,,,,,,,,,,,,,,
1/5/2021,171048,362,15384,15445,28518,21285,,,,,,,,,,,,,,,,,,,,,,,,,,,,,,
1/6/2021,180534,397,15308,15397,29989,27370,,,,,,,,,,,,,,,,,,,,,,,,,,,,,,
1/7/2021,177430,450,14740,14945,29232,26549,,,,,,,,,,,,,,,,,,,,,,,,,,,,,,
1/8/2021,189084,552,15752,15531,31548,30105,,,,,,,,,,,,,,,,,,,,,,,,,,,,,,
1/9/2021,172409,422,12587,10378,19406,27340,,,,,,,,,,,,,,,,,,,,,,,,,,,,,,
1/10/2021,157202,480,11811,8086,15143,27075,,,,,,,,,,,,,,,,,,,,,,,,,,,,,,
1/11/2021,178229,457,15331,14583,28503,28038,,,,,,,,,,,,,,,,,,,,,,,,,,,,,,
1/12/2021,171710,416,15460,15973,30078,27003,,,,,,,,,,,,,,,,,,,,,,,,,,,,,,
1/13/2021,163087,337,14899,15919,28097,19286,,,,,,,,,,,,,,,,,,,,,,,,,,,,,,
1/14/2021,155560,309,13541,15410,26185,15771,,,,,,,,,,,,,,,,,,,,,,,,,,,,,,
1/15/2021,192457,480,16010,15130,31806,30389,,,,,,,,,,,,,,,,,,,,,,,,,,,,,,
1/16/2021,171268,385,13565,10073,18668,21082,,,,,,,,,,,,,,,,,,,,,,,,,,,,,,
1/17/2021,161441,453,11554,7884,14582,26787,,,,,,,,,,,,,,,,,,,,,,,,,,,,,,
1/18/2021,179259,508,14959,14139,28765,29178,,,,,,,,,,,,,,,,,,,,,,,,,,,,,,
1/19/2021,176707,428,15465,15725,30130,27229,,,,,,,,,,,,,,,,,,,,,,,,,,,,,,
1/20/2021,164594,323,14279,16005,28240,18934,,,,,,,,,,,,,,,,,,,,,,,,,,,,,,
1/21/2021,184603,456,15112,15078,30781,29089,,,,,,,,,,,,,,,,,,,,,,,,,,,,,,
1/22/2021,191499,396,14863,14363,29170,26471,,,,,,,,,,,,,,,,,,,,,,,,,,,,,,
1/23/2021,193159,446,13810,9994,20759,31054,,,,,,,,,,,,,,,,,,,,,,,,,,,,,,
1/24/2021,140817,240,11431,7534,13032,17718,,,,,,,,,,,,,,,,,,,,,,,,,,,,,,
1/25/2021,176919,388,14601,14145,28398,24075,,,,,,,,,,,,,,,,,,,,,,,,,,,,,,
1/26/2021,175041,346,15708,15195,31021,26932,,,,,,,,,,,,,,,,,,,,,,,,,,,,,,
1/27/2021,166360,338,15057,15297,29611,25324,,,,,,,,,,,,,,,,,,,,,,,,,,,,,,
1/28/2021,168332,368,14250,14807,29564,23445,,,,,,,,,,,,,,,,,,,,,,,,,,,,,,
1/29/2021,187438,453,15062,15364,30562,26166,,,,,,,,,,,,,,,,,,,,,,,,,,,,,,
1/30/2021,178047,344,13765,11643,22510,20377,,,,,,,,,,,,,,,,,,,,,,,,,,,,,,
1/31/2021,163583,311,11107,7703,15034,24724,,,,,,,,,,,,,,,,,,,,,,,,,,,,,,
2/1/2021,177005,439,15673,15321,30040,29547,,,,,,,,,,,,,,,,,,,,,,,,,,,,,,
2/2/2021,176571,393,14545,14837,30475,26441,,,,,,,,,,,,,,,,,,,,,,,,,,,,,,
2/3/2021,181283,419,15776,16036,31798,27009,,,,,,,,,,,,,,,,,,,,,,,,,,,,,,
2/4/2021,171273,330,15280,15628,31436,21866,,,,,,,,,,,,,,,,,,,,,,,,,,,,,,
2/5/2021,198261,360,15216,15886,32262,27503,,,,,,,,,,,,,,,,,,,,,,,,,,,,,,
2/6/2021,184832,347,13944,10833,22482,28619,,,,,,,,,,,,,,,,,,,,,,,,,,,,,,
2/7/2021,153834,262,11059,8154,14673,15956,,,,,,,,,,,,,,,,,,,,,,,,,,,,,,
2/8/2021,176575,216,16233,15286,29571,20283,,,,,,,,,,,,,,,,,,,,,,,,,,,,,,
2/9/2021,172635,264,15326,15244,30754,21033,,,,,,,,,,,,,,,,,,,,,,,,,,,,,,
2/10/2021,182953,379,14590,14883,31794,27445,,,,,,,,,,,,,,,,,,,,,,,,,,,,,,
2/11/2021,190631,437,15324,15644,33487,28173,,,,,,,,,,,,,,,,,,,,,,,,,,,,,,
2/12/2021,211456,511,15284,15932,34207,30752,,,,,,,,,,,,,,,,,,,,,,,,,,,,,,
2/13/2021,208622,504,13413,10682,22820,32979,,,,,,,,,,,,,,,,,,,,,,,,,,,,,,
2/14/2021,176802,417,11377,7837,16352,28097,,,,,,,,,,,,,,,,,,,,,,,,,,,,,,
2/15/2021,180768,388,14647,15721,31932,26699,,,,,,,,,,,,,,,,,,,,,,,,,,,,,,
2/16/2021,179924,414,15253,16408,32870,24599,,,,,,,,,,,,,,,,,,,,,,,,,,,,,,
2/17/2021,183240,408,14907,16161,32518,25392,,,,,,,,,,,,,,,,,,,,,,,,,,,,,,
2/18/2021,180908,387,14090,15226,31532,25193,,,,,,,,,,,,,,,,,,,,,,,,,,,,,,
2/19/2021,203808,516,15498,16431,34818,33311,,,,,,,,,,,,,,,,,,,,,,,,,,,,,,
2/20/2021,215291,538,14276,10623,23151,38161,,,,,,,,,,,,,,,,,,,,,,,,,,,,,,
2/21/2021,187343,467,11551,7965,16308,33348,,,,,,,,,,,,,,,,,,,,,,,,,,,,,,
2/22/2021,183030,463,15426,15883,33432,28103,,,,,,,,,,,,,,,,,,,,,,,,,,,,,,
2/23/2021,190691,483,14448,15322,34050,31185,,,,,,,,,,,,,,,,,,,,,,,,,,,,,,
2/24/2021,196134,511,14807,15659,34598,34029,,,,,,,,,,,,,,,,,,,,,,,,,,,,,,
2/25/2021,192279,501,15440,16333,34660,33221,,,,,,,,,,,,,,,,,,,,,,,,,,,,,,
2/26/2021,221910,504,15297,16600,35059,32825,,,,,,,,,,,,,,,,,,,,,,,,,,,,,,
2/27/2021,230356,526,13851,11134,24045,37117,,,,,,,,,,,,,,,,,,,,,,,,,,,,,,
2/28/2021,196471,526,11369,7992,16804,34415,,,,,,,,,,,,,,,,,,,,,,,,,,,,,,
3/1/2021,201586,491,15901,17272,36069,34489,,,,,,,,,,,,,,,,,,,,,,,,,,,,,,
3/2/2021,201928,534,16387,17910,37400,37009,,,,,,,,,,,,,,,,,,,,,,,,,,,,,,
3/3/2021,184273,385,14742,18840,36258,27172,,,,,,,,,,,,,,,,,,,,,,,,,,,,,,
3/4/2021,208059,493,16807,18706,39015,34945,,,,,,,,,,,,,,,,,,,,,,,,,,,,,,
3/5/2021,237189,637,16556,18317,40525,40969,,,,,,,,,,,,,,,,,,,,,,,,,,,,,,
3/6/2021,239981,590,15315,11457,26395,45028,,,,,,,,,,,,,,,,,,,,,,,,,,,,,,
3/7/2021,209022,535,11865,8114,17505,36460,,,,,,,,,,,,,,,,,,,,,,,,,,,,,,
3/8/2021,219307,568,17367,18592,39908,41955,,,,,,,,,,,,,,,,,,,,,,,,,,,,,,
3/9/2021,221522,485,15958,17773,38408,35928,,,,,,,,,,,,,,,,,,,,,,,,,,,,,,
3/10/2021,210002,381,16951,20269,39426,26648,,,,,,,,,,,,,,,,,,,,,,,,,,,,,,
3/11/2021,236966,494,16671,19083,41488,35556,,,,,,,,,,,,,,,,,,,,,,,,,,,,,,
3/12/2021,250794,512,16933,19438,41604,38742,,,,,,,,,,,,,,,,,,,,,,,,,,,,,,
3/13/2021,253534,512,15385,12075,26729,37822,,,,,,,,,,,,,,,,,,,,,,,,,,,,,,
3/14/2021,234045,533,12417,8483,19870,36771,,,,,,,,,,,,,,,,,,,,,,,,,,,,,,
3/15/2021,226399,514,17238,18497,40401,36650,,,,,,,,,,,,,,,,,,,,,,,,,,,,,,
3/16/2021,230688,586,18115,19186,42461,42621,,,,,,,,,,,,,,,,,,,,,,,,,,,,,,
3/17/2021,247177,548,18164,20160,43916,40529,,,,,,,,,,,,,,,,,,,,,,,,,,,,,,
3/18/2021,245441,570,18805,20811,46874,40898,,,,,,,,,,,,,,,,,,,,,,,,,,,,,,
3/19/2021,276596,603,18593,20034,44610,44970,,,,,,,,,,,,,,,,,,,,,,,,,,,,,,
3/20/2021,265268,688,17254,12840,30289,53182,,,,,,,,,,,,,,,,,,,,,,,,,,,,,,
3/21/2021,241572,678,13476,8848,20255,45969,,,,,,,,,,,,,,,,,,,,,,,,,,,,,,
3/22/2021,247321,552,18161,19635,42715,43730,,,,,,,,,,,,,,,,,,,,,,,,,,,,,,
3/23/2021,254109,626,18957,20887,45781,48124,,,,,,,,,,,,,,,,,,,,,,,,,,,,,,
3/24/2021,264001,688,19663,21737,47753,51512,,,,,,,,,,,,,,,,,,,,,,,,,,,,,,
3/25/2021,262272,531,18659,21490,46836,42128,,,,,,,,,,,,,,,,,,,,,,,,,,,,,,
3/26/2021,282604,654,20206,22308,49633,43957,,,,,,,,,,,,,,,,,,,,,,,,,,,,,,
3/27/2021,280674,624,16695,12644,29302,48988,,,,,,,,,,,,,,,,,,,,,,,,,,,,,,
3/28/2021,241419,674,14470,8837,20922,43572,,,,,,,,,,,,,,,,,,,,,,,,,,,,,,
3/29/2021,255836,565,18382,20325,43314,44002,,,,,,,,,,,,,,,,,,,,,,,,,,,,,,
3/30/2021,271355,569,18120,20275,43739,44020,,,,,,,,,,,,,,,,,,,,,,,,,,,,,,
3/31/2021,288566,726,19969,22573,50727,56878,,,,,,,,,,,,,,,,,,,,,,,,,,,,,,
4/1/2021,303332,705,18879,22288,50111,52762,,,,,,,,,,,,,,,,,,,,,,,,,,,,,,
4/2/2021,280681,695,17420,13107,30653,48984,,,,,,,,,,,,,,,,,,,,,,,,,,,,,,
4/3/2021,286719,747,17674,11739,27724,51994,,,,,,,,,,,,,,,,,,,,,,,,,,,,,,
4/4/2021,258481,521,12411,7243,16508,37824,,,,,,,,,,,,,,,,,,,,,,,,,,,,,,
4/5/2021,241369,588,12926,10046,22219,35987,,,,,,,,,,,,,,,,,,,,,,,,,,,,,,
4/6/2021,267861,617,18880,19990,46324,44912,,,,,,,,,,,,,,,,,,,,,,,,,,,,,,
4/7/2021,268468,619,18854,20982,48650,48356,,,,,,,,,,,,,,,,,,,,,,,,,,,,,,
4/8/2021,277469,749,19961,22003,50525,51980,,,,,,,,,,,,,,,,,,,,,,,,,,,,,,
4/9/2021,299353,711,19750,21781,49801,51941,,,,,,,,,,,,,,,,,,,,,,,,,,,,,,
4/10/2021,287219,703,17637,13432,33131,48301,,,,,,,,,,,,,,,,,,,,,,,,,,,,,,
4/11/2021,272867,660,13067,9057,21351,43134,,,,,,,,,,,,,,,,,,,,,,,,,,,,,,
4/12/2021,285782,605,19542,22001,48260,52550,,,,,,,,,,,,,,,,,,,,,,,,,,,,,,
4/13/2021,280116,632,19504,20956,47724,53684,,,,,,,,,,,,,,,,,,,,,,,,,,,,,,
4/14/2021,285890,664,19528,21928,48790,52958,,,,,,,,,,,,,,,,,,,,,,,,,,,,,,
4/15/2021,288708,648,19013,21212,48690,48665,,,,,,,,,,,,,,,,,,,,,,,,,,,,,,
4/16/2021,308183,662,18946,21367,47583,50798,,,,,,,,,,,,,,,,,,,,,,,,,,,,,,
4/17/2021,308180,514,15583,12460,29628,44772,,,,,,,,,,,,,,,,,,,,,,,,,,,,,,
4/18/2021,284431,535,12380,8899,20854,39851,,,,,,,,,,,,,,,,,,,,,,,,,,,,,,
4/19/2021,268606,616,17944,19817,43923,44583,,,,,,,,,,,,,,,,,,,,,,,,,,,,,,
4/20/2021,279651,691,18819,21354,47854,52934,,,,,,,,,,,,,,,,,,,,,,,,,,,,,,
4/21/2021,286610,710,18979,21884,49989,53696,,,,,,,,,,,,,,,,,,,,,,,,,,,,,,
4/22/2021,277452,558,17651,20858,46192,42395,,,,,,,,,,,,,,,,,,,,,,,,,,,,,,
4/23/2021,305932,619,17533,20890,46217,45402,,,,,,,,,,,,,,,,,,,,,,,,,,,,,,
4/24/2021,317914,558,16155,13314,30616,46107,,,,,,,,,,,,,,,,,,,,,,,,,,,,,,
4/25/2021,290105,633,12965,9321,22226,40948,,,,,,,,,,,,,,,,,,,,,,,,,,,,,,
4/26/2021,270063,676,18724,20880,46174,46351,,,,,,,,,,,,,,,,,,,,,,,,,,,,,,
4/27/2021,270535,632,18416,20889,48288,50556,,,,,,,,,,,,,,,,,,,,,,,,,,,,,,
4/28/2021,278657,641,19881,22493,51507,48602,,,,,,,,,,,,,,,,,,,,,,,,,,,,,,
4/29/2021,292442,680,19131,21695,50366,53457,,,,,,,,,,,,,,,,,,,,,,,,,,,,,,
4/30/2021,322786,686,19631,22413,50574,55154,,,,,,,,,,,,,,,,,,,,,,,,,,,,,,
5/1/2021,328663,672,17184,13276,31729,53691,,,,,,,,,,,,,,,,,,,,,,,,,,,,,,
5/2/2021,297677,702,13537,8881,22278,46851,,,,,,,,,,,,,,,,,,,,,,,,,,,,,,
5/3/2021,249026,557,12959,11111,25191,40217,,,,,,,,,,,,,,,,,,,,,,,,,,,,,,
5/4/2021,286493,562,19263,22170,49146,47215,,,,,,,,,,,,,,,,,,,,,,,,,,,,,,
5/5/2021,281650,558,19080,22393,48884,42359,,,,,,,,,,,,,,,,,,,,,,,,,,,,,,
5/6/2021,290150,630,19078,21884,49984,49648,,,,,,,,,,,,,,,,,,,,,,,,,,,,,,
5/7/2021,313494,701,19645,22002,49332,55546,,,,,,,,,,,,,,,,,,,,,,,,,,,,,,
5/8/2021,301763,632,17588,13616,32391,46027,,,,,,,,,,,,,,,,,,,,,,,,,,,,,,
5/9/2021,297782,617,13526,9175,22779,47965,,,,,,,,,,,,,,,,,,,,,,,,,,,,,,
5/10/2021,280180,660,19078,21308,47735,48618,,,,,,,,,,,,,,,,,,,,,,,,,,,,,,
5/11/2021,292433,659,20034,22248,51200,54255,,,,,,,,,,,,,,,,,,,,,,,,,,,,,,
5/12/2021,294856,701,19875,22258,50425,53826,,,,,,,,,,,,,,,,,,,,,,,,,,,,,,
5/13/2021,297503,581,20181,23101,51287,47224,,,,,,,,,,,,,,,,,,,,,,,,,,,,,,
5/14/2021,312363,743,20399,23810,53430,61332,,,,,,,,,,,,,,,,,,,,,,,,,,,,,,
5/15/2021,315397,536,17877,13708,33531,47122,,,,,,,,,,,,,,,,,,,,,,,,,,,,,,
5/16/2021,271906,437,13715,9311,23307,32839,,,,,,,,,,,,,,,,,,,,,,,,,,,,,,
5/17/2021,269930,511,19633,21699,48007,42557,,,,,,,,,,,,,,,,,,,,,,,,,,,,,,
5/18/2021,280132,565,18756,22050,48439,46370,,,,,,,,,,,,,,,,,,,,,,,,,,,,,,
5/19/2021,296349,630,20121,22762,50980,50610,,,,,,,,,,,,,,,,,,,,,,,,,,,,,,
5/20/2021,299324,730,19698,23523,53282,55197,,,,,,,,,,,,,,,,,,,,,,,,,,,,,,
5/21/2021,318639,578,19129,24548,54407,46210,,,,,,,,,,,,,,,,,,,,,,,,,,,,,,
5/22/2021,330421,530,17080,13748,34424,50713,,,,,,,,,,,,,,,,,,,,,,,,,,,,,,
5/23/2021,300168,529,13417,10025,25218,41729,,,,,,,,,,,,,,,,,,,,,,,,,,,,,,
5/24/2021,265601,450,18496,21371,45919,38234,,,,,,,,,,,,,,,,,,,,,,,,,,,,,,
5/25/2021,286836,688,20026,22440,52038,56656,,,,,,,,,,,,,,,,,,,,,,,,,,,,,,
5/26/2021,295824,731,20139,22957,52777,59671,,,,,,,,,,,,,,,,,,,,,,,,,,,,,,
5/27/2021,308187,723,19438,22032,50438,54236,,,,,,,,,,,,,,,,,,,,,,,,,,,,,,
5/28/2021,342427,683,20329,24319,54806,58123,,,,,,,,,,,,,,,,,,,,,,,,,,,,,,
5/29/2021,340156,637,16719,13696,33262,52268,,,,,,,,,,,,,,,,,,,,,,,,,,,,,,
5/30/2021,319587,553,13381,9663,24005,42907,,,,,,,,,,,,,,,,,,,,,,,,,,,,,,
5/31/2021,290419,635,13542,12029,25532,40594,,,,,,,,,,,,,,,,,,,,,,,,,,,,,,
6/1/2021,279900,579,17790,20980,44708,40682,,,,,,,,,,,,,,,,,,,,,,,,,,,,,,
6/2/2021,288555,696,19282,21515,48828,48359,,,,,,,,,,,,,,,,,,,,,,,,,,,,,,
6/3/2021,297404,744,19046,22038,49009,48399,,,,,,,,,,,,,,,,,,,,,,,,,,,,,,
6/4/2021,306058,564,20196,24119,52313,40722,,,,,,,,,,,,,,,,,,,,,,,,,,,,,,
6/5/2021,330012,678,16560,13864,32099,47425,,,,,,,,,,,,,,,,,,,,,,,,,,,,,,
6/6/2021,320005,711,14211,9792,25020,48573,,,,,,,,,,,,,,,,,,,,,,,,,,,,,,
6/7/2021,276010,720,18688,21129,46398,48306,,,,,,,,,,,,,,,,,,,,,,,,,,,,,,
6/8/2021,270345,584,17327,21272,45741,42600,,,,,,,,,,,,,,,,,,,,,,,,,,,,,,
6/9/2021,278168,562,17348,21663,45806,41112,,,,,,,,,,,,,,,,,,,,,,,,,,,,,,
6/10/2021,299524,769,19116,23087,51805,52957,,,,,,,,,,,,,,,,,,,,,,,,,,,,,,
6/11/2021,328048,791,20261,24075,53847,57567,,,,,,,,,,,,,,,,,,,,,,,,,,,,,,
6/12/2021,336268,649,16514,14000,32126,43846,,,,,,,,,,,,,,,,,,,,,,,,,,,,,,
6/13/2021,302229,616,12433,9556,21985,35055,,,,,,,,,,,,,,,,,,,,,,,,,,,,,,
6/14/2021,273517,714,18605,20796,45622,43907,,,,,,,,,,,,,,,,,,,,,,,,,,,,,,
6/15/2021,286147,729,18927,22455,50025,49225,,,,,,,,,,,,,,,,,,,,,,,,,,,,,,
6/16/2021,269761,576,17797,21613,47203,40882,,,,,,,,,,,,,,,,,,,,,,,,,,,,,,
6/17/2021,280920,528,19664,23846,52552,44865,,,,,,,,,,,,,,,,,,,,,,,,,,,,,,
6/18/2021,287453,440,19025,25034,51155,35994,,,,,,,,,,,,,,,,,,,,,,,,,,,,,,
6/19/2021,325634,613,17788,14368,36480,53162,,,,,,,,,,,,,,,,,,,,,,,,,,,,,,
6/20/2021,302335,636,13873,9892,25893,45169,,,,,,,,,,,,,,,,,,,,,,,,,,,,,,
6/21/2021,265520,525,20307,22758,49304,41248,,,,,,,,,,,,,,,,,,,,,,,,,,,,,,
6/22/2021,284894,714,19843,22798,52290,58253,,,,,,,,,,,,,,,,,,,,,,,,,,,,,,
6/23/2021,287248,692,18740,21990,48401,50580,,,,,,,,,,,,,,,,,,,,,,,,,,,,,,
6/24/2021,298110,756,19789,22670,52950,56875,,,,,,,,,,,,,,,,,,,,,,,,,,,,,,
6/25/2021,334904,700,20483,24006,54599,59057,,,,,,,,,,,,,,,,,,,,,,,,,,,,,,
6/26/2021,344612,766,16962,14527,35615,54808,,,,,,,,,,,,,,,,,,,,,,,,,,,,,,
6/27/2021,299272,566,13520,10362,26490,42882,,,,,,,,,,,,,,,,,,,,,,,,,,,,,,
