"cX5421T: Business supplies ex. energy, motor vehicles & parts, and selected high-"
-12 
 1986.01 
 2019.01 
 91.1877332324168 
 92.8072 
 93.1211977629523 
 95.0038720911512 
 95.1923248494978 
 97.2839986908559 
 95.8459592686446 
 99.1709745358333 
 100.822896504975 
 100.421785785726 
 97.9148853982991 
 96.6621450281625 
 93.13343958288 
 95.8568 
 97.099698467245 
 98.8728482125815 
 99.8142371952216 
 103.762363769521 
 103.534044658961 
 106.548876755836 
 107.421110296956 
 106.899766550581 
 104.856621574935 
 102.463852119279 
 99.7025173572804 
 102.127531871607 
 103.293053598711 
 103.860523645811 
 103.315188613221 
 106.512778783115 
 105.718815332562 
 109.382007616233 
 109.764797757416 
 108.450809653764 
 106.537498690995 
 103.703710351 
 101.629128246289 
 102.969 
 104.489637675759 
 104.321144760855 
 104.493603579376 
 107.860764367065 
 105.852599588899 
 109.492841477345 
 110.212284454824 
 108.739096043611 
 106.73105456889 
 103.275954747444 
 103.178014658857 
 104.5021 
 105.767361936216 
 105.89627225238 
 107.078024949645 
 110.008607563126 
 109.357271520884 
 112.901558401848 
 112.601773902228 
 110.768281907975 
 107.860664286466 
 103.931597442494 
 101.707238308598 
 101.5549 
 100.885912706713 
 102.539208584699 
 102.660289369055 
 106.426823749053 
 106.02635478061 
 109.513740002517 
 110.605946513901 
 108.69047240512 
 105.872407603993 
 103.18251533838 
 101.794643873865 
 102.084840816396 
 103.743858679506 
 105.465974764821 
 105.335333744061 
 109.54121769991 
 110.149334365613 
 112.225222945426 
 112.798540945942 
 111.073125886236 
 108.702297135556 
 106.604853470317 
 105.056982619682 
 106.3633 
 107.183500848648 
 109.214078124298 
 108.557637380839 
 111.99379285176 
 112.106817663615 
 114.444746720799 
 115.199674670057 
 113.342421324838 
 111.087963352886 
 109.137512323698 
 106.686554733067 
 107.8921 
 109.723820445354 
 111.013600116078 
 110.906459458836 
 114.994509442713 
 114.871954762962 
 117.815092790231 
 118.994030408736 
 117.699594843545 
 115.562466840361 
 113.648907031474 
 111.519935882668 
 112.3937 
 112.536926293354 
 113.457198903867 
 113.5383274684 
 117.864520771759 
 117.714770371129 
 120.711891438432 
 121.094107161234 
 119.274073920985 
 116.3472988954 
 113.368778820117 
 110.107884303733 
 111.728998863203 
 111.776124258789 
 114.238037751264 
 114.371333542883 
 118.540200929972 
 120.079928176155 
 122.972928838859 
 124.124975215468 
 122.777185825985 
 119.88843590439 
 118.855458245206 
 116.438129744273 
 119.0593 
 119.868492959256 
 121.634078504595 
 120.725881474841 
 123.456779092851 
 122.600372277002 
 125.169049424041 
 127.519996692962 
 128.496493397955 
 128.150724329149 
 127.761806069282 
 124.366048214621 
 126.3161 
 126.278385769121 
 127.482612277961 
 127.033143342005 
 129.150209565257 
 128.046549972627 
 129.362686665225 
 129.793227411933 
 131.622086588086 
 130.510315727921 
 129.53114301018 
 125.757999668917 
 127.2972 
 127.312963248105 
 128.87585342795 
 127.881874657768 
 129.860881896657 
 128.200875742732 
 129.843744809942 
 131.269316162224 
 132.923843858726 
 133.002111648192 
 132.247323514346 
 128.309185566069 
 129.53677094483 
 129.854714644966 
 133.104339197772 
 130.224880881586 
 132.637718188309 
 131.061247525721 
 130.691944984646 
 132.080366742926 
 132.451019611227 
 130.573856081827 
 128.000982581507 
 125.272499575306 
 124.577 
 123.50059958119 
 123.474719821418 
 122.330946874786 
 123.544825874787 
 122.73807614662 
 122.545305769674 
 123.897699217991 
 123.836465185124 
 122.01866626278 
 121.152626403006 
 118.14188748099 
 118.8258 
 120.012944867818 
 122.208007090276 
 121.731723154139 
 124.811357113914 
 123.109487167477 
 124.134494857777 
 125.672439882325 
 126.536025616169 
 125.39860539594 
 124.417837782343 
 120.887203173578 
 121.7214 
 122.094961945247 
 122.934142596742 
 121.769471258406 
 123.982061596662 
 121.549503075346 
 121.739979223925 
 123.598038190934 
 124.491856743245 
 123.663571263449 
 121.860078176674 
 118.841161125159 
 120.310476933603 
 120.234087757307 
 122.501842570199 
 122.409100183605 
 124.776887563073 
 124.138294092475 
 124.527815628858 
 125.122465870399 
 126.676618282766 
 125.940324523012 
 125.035212989185 
 123.200923270926 
 123.9375 
 124.256936887966 
 126.475759351308 
 126.033112408064 
 127.261088184113 
 125.584479491667 
 126.002080736936 
 127.973061563296 
 129.223011908049 
 128.530710659277 
 127.131091235724 
 125.234373302785 
 125.5741 
 126.001484238307 
 127.42661783044 
 126.764801923885 
 128.434833445719 
 126.089265461847 
 125.757285081634 
 126.904894950246 
 127.327851601125 
 126.442228725514 
 126.436605333337 
 122.806120772562 
 123.3948 
 124.105004476965 
 126.039048134262 
 125.08437236209 
 126.892202621862 
 125.121596020177 
 125.336877328418 
 127.347543690548 
 127.004291170299 
 126.361563762958 
 124.881213594922 
 120.989126272595 
 120.05735310854 
 120.881555686845 
 120.843452396489 
 118.412547463332 
 118.554742028182 
 116.349422607014 
 116.77169120295 
 115.592691181169 
 114.541038506375 
 111.353291075577 
 106.61576665086 
 101.201814322648 
 100.42 
 99.1724288202074 
 98.9106268658051 
 98.1502206277802 
 99.8757337188366 
 98.5387114769657 
 99.5733256948175 
 99.5921053021084 
 101.095935650413 
 101.731510483963 
 101.027417245407 
 98.3937279421132 
 98.1312 
 98.8436992749788 
 100.191341179175 
 100.455003879678 
 101.783570171938 
 100.52715022421 
 101.208812912881 
 101.12534007426 
 101.044852675529 
 101.497539820841 
 100.566560639536 
 97.3281463242875 
 98.2566 
 98.7449912535154 
 99.6648723968637 
 98.7237135010883 
 99.9190686180756 
 99.04727401822 
 100.056845023527 
 100.673276009912 
 100.582997474174 
 100.080798865582 
 100.304495074948 
 98.5703443951304 
 98.94665077149 
 99.4120739135262 
 100.407673031619 
 99.810747796234 
 100.931294158238 
 99.5284513979953 
 100.807251337019 
 100.727514615207 
 99.8846370369754 
 100.225115088914 
 100.68613115835 
 98.0941745814481 
 98.2348 
 99.2076714327072 
 100.062479844782 
 100.308248659708 
 101.77859544097 
 100.170882754157 
 101.899073869552 
 101.84084439933 
 102.133252833469 
 100.91260545424 
 101.356583146653 
 97.2530587122492 
 98.5393 
 100.086653132013 
 100.615175649184 
 100.022151948986 
 101.53023214251 
 99.7226413845097 
 100.881316398006 
 100.418270644413 
 100.508690746381 
 100.136805594348 
 99.357900864156 
 96.5132587660011 
 95.8313 
 97.119908866115 
 98.0666565577991 
 97.7423783239463 
 99.0026305757395 
 97.0879593111887 
 98.4694059020413 
 97.6764625623078 
 98.925972758815 
 98.8097764659079 
 98.2201267018447 
 95.8381491290816 
 95.6913396946942 
 96.6751275232574 
 96.5852872559233 
 96.768107430334 
 97.9816083077575 
 96.6574279406508 
 96.9953474579559 
 97.8171758840861 
 98.1153768177341 
 97.7692372773067 
 97.3381925947227 
 95.3069017695941 
 95.5538 
 96.3361597887059 
 96.6178921286902 
 97.2954098624303 
 98.5073316927516 
 97.2623524250888 
 98.1136981613188 
 97.7583120019449 
 98.6925197846222 
 98.6899787853871 
 97.7621464454051 
 94.8777899489025 
 95.9398 
 96.8703313049408 
 97.6040311377768 
 97.9144575257152 
 98.5582285088891 
 97.2931016776515 
 97.7513605431031 
 97.9067018977566 
 98.2220289993706 
 97.7047853717411 
 97.6730900598433 
 95.3937130621012 
